<?xml version="1.0" encoding="UTF-8"?>

<config id="furniture">
    <category id="clanFurniture" label="clanFurniture" typeClass="clanFurniture" priority="1" logCategory1="clanFurniture">

        <category id="clanChair" label="#clanChairCategoryLabel" priority="1" library="furniture">

            <item id="pnkSofaClnGlmr" label="#pnkSofaClnGlmrLabel" name="PinkSofaClanGlamour"
                icon="PinkSofaClanGlamourIcon" clanCoin="1700" rating="170"
                priority="1" tags="sit" loadType="file">
                <dimension width="1.4" length="3.65" height="0.7" />
                <placement floor="1" />
                <direction names="SW,SE" />
            </item>

            <item id="grnSofaClnGlmr" label="#grnSofaClnGlmrLabel" name="GreenSofaClanGlamour"
                icon="GreenSofaClanGlamourIcon" clanCoin="4400" minClanLevel="5" rating="440"
                priority="2" tags="sit" loadType="file">
                <dimension width="1.9" length="4.2" height="1" />
                <placement floor="1" />
                <direction names="SW,SE" />
            </item>

            <category id="clanAmusement" label="#clanAmusementCategoryLabel" priority="1" logCategory2="clanAmusement">

                <item id="uncrnClnGlmr" label="#uncrnClnGlmrLabel" name="UnicornClanGlamour"
                    icon="UnicornClanGlamourIcon" clanCoin="4600" minClanLevel="3" rating="460"
                    priority="3" tags="sit" loadType="file">
                    <dimension width="2.1" length="1.2" height="1.2" />
                    <placement floor="1" />
                    <direction names="SW,SE" />
                </item>

            </category>

        </category>

        <category id="clanTable" label="#clanTableCategoryLabel" priority="2" library="furniture">

            <item id="tblClnGlmr" label="#tblClnGlmrLabel" name="TableClanGlamour"
                icon="TableClanGlamourIcon" clanCoin="3300" minClanLevel="3" rating="330"
                priority="1" tags="table" loadType="file">
                <dimension width="2.4" length="2.4" height="1" />
                <placement floor="1" />
                <direction names="SW,SE" />
            </item>

        </category>

        <category id="clanLight" label="light" priority="4" logCategory2="clanLight" library="decor">

            <item id="lampClnGlmr" label="#lampClnGlmr" name="FloorLampClanGlamour"
                icon="FloorLampClanGlamourIcon" clanCoin="3500" minClanLevel="5" rating="350"
                priority="1" loadType="file">
                <dimension width="0.95" length="0.95" height="4.3" />
                <placement floor="1" />
                <direction names="SW,SE" />
            </item>

        </category>

        <category id="clanDecor" label="#clanDecorCategoryLabel" priority="5" logCategory2="clanDecor" library="decor">

            <item id="uncrnHeadClnGlmr" label="#uncrnHeadClnGlmrLabel" name="UnicornHeadClanGlamour"
                icon="UnicornHeadClanGlamourIcon" clanCoin="4200" minClanLevel="6" rating="420"
                priority="1" loadType="file" canBuy="0">
                <dimension width="1.2" length="1.5" height="3" />
                <placement wall="1" />
                <direction names="SW,SE" />
            </item>

            <item id="pnkCrptClnGlmr" label="#pnkCrptClnGlmrLabel" name="PinkCarpetClanGlamour"
                icon="PinkCarpetClanGlamourIcon" clanCoin="4800" minClanLevel="2" rating="480"
                priority="2" tags="walk,bottom" loadType="file">
                <dimension width="8.1" length="8.1" height="0" />
                <placement floor="1" />
                <direction names="SW" />
            </item>

            <item id="brwnCrptClnGlmr" label="#brwnCrptClnGlmrLabel" name="BrownCarpetClanGlamour"
                icon="BrownCarpetClanGlamourIcon" clanCoin="3300" minClanLevel="5" rating="330"
                priority="3" tags="walk,bottom" loadType="file">
                <dimension width="5.65" length="5.65" height="0" />
                <placement floor="1" />
                <direction names="SW" />
            </item>

            <item id="mrrClnGlmr" label="#mrrClnGlmr" name="MirrorClanGlamour"
                icon="MirrorClanGlamourIcon" clanCoin="4800" minClanLevel="6" rating="480"
                priority="4" loadType="file">
                <dimension width="1.2" length="3" height="5.7" />
                <placement floor="1" />
                <direction names="SW,SE" />
            </item>

            <item id="vaseClnGlmr" label="#vaseClnGlmrLabel" name="VaseClanGlamour"
                icon="VaseClanGlamourIcon" clanCoin="2600" minClanLevel="6" rating="260"
                priority="5" loadType="file">
                <dimension width="0.97" length="0.97" height="2.9" />
                <placement floor="1" />
                <direction names="SW,SE" />
            </item>

            <item id="scrnClnGlmr" label="#scrnClnGlmrLabel" name="ScreenClanGlamour"
                icon="ScreenClanGlamourIcon" clanCoin="4200" minClanLevel="6" rating="420"
                priority="6" loadType="file">
                <dimension width="1.2" length="4" height="3.8" />
                <placement floor="1" />
                <direction names="SW,SE" />
            </item>

            <item id="crtnsClanGlamourHall" label="#crtnsClanGlamourHallLabel" name="CurtainsClanGlamourHall"
                icon="CurtainsClanGlamourHall" priority="7" loadType="file" canBuy="0" tags="cantEdit,clan">
                <dimension width="0" length="20" height="12.5" defaultZ="0.15" />
                <placement floor="1" />
                <direction names="SE" />
            </item>
        </category>

        <category id="clanOther" label="#clanOtherCategoryLabel" priority="6" logCategory2="clanOther" library="decor">

            <item id="dummyClnGmlr" label="#dummyClanGlamourLabel" name="DummyClanGlamour"
                icon="DummyClanGlamourIcon" clanCoin="4600" minClanLevel="6" rating="460"
                priority="1" loadType="file">
                <dimension width="1" length="0.9" height="2.25" />
                <placement floor="1" />
                <direction names="SW,SE" />
            </item>

            <item id="bxsClnGlmr" label="#bxsClnGlmrLabel" name="BoxesClanGlamour"
                icon="BoxesClanGlamourIcon" clanCoin="2100" minClanLevel="6" rating="210"
                priority="2" loadType="file">
                <dimension width="1" length="0.85" height="1" />
                <placement floor="1" />
                <direction names="SW,SE" />
            </item>

            <item id="trayClnGlmr" label="#trayClnGlmrLabel" name="TrayClanGlamour"
                icon="TrayClanGlamourIcon" clanCoin="2200" minClanLevel="5" rating="220"
                priority="3" loadType="file">
                <dimension width="1.65" length="1.2" height="0.5" />
                <placement table="1" />
                <direction names="SW,SE" />
            </item>

        </category>

        <category id="clanDoor" priority="7" library="house" logCategory2="clanDoor">

            <item id="glamourHallDr" label="#glamourHallDrLabel" name="DoorClanGlamourHall" icon="DoorClanGlamourHallIcon"
                gold="0" rating="0" canBuy="0" tags="ground,cantEdit,clan" priority="1" loadType="file">
                <dimension width="0" length="3" height="7.25" />
                <placement floor="1" />
                <direction names="SE,SW" />
            </item>

            <item id="magicHallDr" label="#magicHallDrLabel" name="DoorClanMagicHall" icon="DoorClanMagicHallIcon"
                gold="0" rating="0" canBuy="0" tags="ground,cantEdit,clan" priority="2" loadType="file">
                <dimension width="0" length="4.15" height="9.54" />
                <placement floor="1" />
                <direction names="SE,SW" />
            </item>

            <item id="sciFiHallDr" label="#sciFiHallDrLabel" name="DoorClanSciFiHall" icon="DoorClanSciFiHallIcon"
                gold="0" rating="0" canBuy="0" tags="ground,cantEdit,clan" priority="3" loadType="file">
                <dimension width="0" length="3.85" height="6.42" />
                <placement floor="1" />
                <direction names="SE,SW" />
            </item>

            <item id="apocalypseHallDr" label="#apocalypseHallDrLabel" name="DoorClanApocalypseHall" icon="DoorClanApocalypseHallIcon"
                gold="0" rating="0" canBuy="0" tags="ground,cantEdit,clan" priority="4" loadType="file">
                <dimension width="0" length="2.55" height="2.5" />
                <placement floor="1" />
                <direction names="SE" />
            </item>

        </category>

    </category>

</config>