<?xml version="1.0" encoding="UTF-8"?>
<config id="recipe">
    <category id="clothesRecipe" label="#avatarClothesCategory" priority="1" typeClass="clanRecipe">
        <category id="topClothes" label="#clothesCategoryTops" priority="1">
            <item id="SCiFITShirt" label="#SCiFITShirtsLabel" minClanLevel="2" clanCoin="10">
                <unlockItems>
                    <unlockItem id="boyTShrtClnSciFi" />
                    <unlockItem id="girlTShrtClanSciFi" />
                </unlockItems>
            </item>
            <item id="SCiFIJckt" label="#SCiFIJcktLabel" minClanLevel="2" clanCoin="10">
                <unlockItems>
                    <unlockItem id="boyJcktClnSciFi" />
                    <unlockItem id="girlJcktClnSciFi" />
                </unlockItems>
            </item>
            <item id="ClnGlmrTShirt" label="#ClnGlmrTShirtsLabel" categoryId="topClothes" minClanLevel="1" clanCoin="10">
                <unlockItems>
                    <unlockItem id="boyTShrtClnGlmr" />
                    <unlockItem id="girlTShrtClnGlmr" />
                </unlockItems>
            </item>
            <item id="ClnGlmrJckt" label="#ClnGlmrJcktLabel" categoryId="topClothes" minClanLevel="1" clanCoin="10">
                <unlockItems>
                    <unlockItem id="boyJcktClnGlmr" />
                    <unlockItem id="girlJcktClnGlmr" />
                </unlockItems>
            </item>
            <item id="ClnMgcTShrt" label="#ClnMgcTShrtLabel" categoryId="topClothes" minClanLevel="1" clanCoin="345">
                <unlockItems>
                    <unlockItem id="boyTShrtClnMgc" />
                    <unlockItem id="girlTShrtClnMgc" />
                </unlockItems>
            </item>
            <item id="ClnMgcJct" label="#ClnMgcJctLabel" categoryId="topClothes" minClanLevel="1" clanCoin="234">
                <unlockItems>
                    <unlockItem id="boyJcktClnMgc" />
                    <unlockItem id="girlJcktClnMgc" />
                </unlockItems>
            </item>
            <item id="ClnPstpcTShrt" label="#ClnPstpcTShrtLabel" categoryId="topClothes" minClanLevel="1" clanCoin="123">
                <unlockItems>
                    <unlockItem id="boyTShrtClnPstpc" />
                    <unlockItem id="girlTShrtClnPstpc" />
                </unlockItems>
            </item>
        </category>

        <category id="bottomClothes" label="#clothesCategoryBottoms" priority="2">
            <item id="SCiFIPnts" label="#SCiFIPntsLabel" categoryId="bottomClothes" minClanLevel="1" clanCoin="10">
                <unlockItems>
                    <unlockItem id="boyPntsClnSciFi" />
                    <unlockItem id="girlPntsClnSciFi" />
                </unlockItems>
            </item>
            <item id="ClnGlmrPnts" label="#ClnGlmrPntsLabel" categoryId="bottomClothes" minClanLevel="1" clanCoin="10">
                <unlockItems>
                    <unlockItem id="boyPntsClnGlmr" />
                    <unlockItem id="girlSktClnGlmr" />
                </unlockItems>
            </item>

            <item id="ClnMgcPnts" label="#ClnMgcPntsLabel" categoryId="bottomClothes" minClanLevel="1" clanCoin="123">
                <unlockItems>
                    <unlockItem id="boyPntsClnMgc" />
                    <unlockItem id="girlSktClnMgc" />
                </unlockItems>
            </item>
            <item id="ClnPstpcPnts" label="#ClnPstpcPntsLabel" categoryId="bottomClothes" minClanLevel="1" clanCoin="123">
                <unlockItems>
                    <unlockItem id="boyPntsClnPstpc" />
                    <unlockItem id="girlPntsClnPstpc" />
                </unlockItems>
            </item>
        </category>

        <category id="boots" label="#clothesCategoryShoes" priority="3">
            <item id="SCiFIBts" label="#SCiFIBtsLabel" categoryId="boots" minClanLevel="2" clanCoin="10">
                <unlockItems>
                    <unlockItem id="boyBtsClnSciFi" />
                    <unlockItem id="girlBtsClnSciFi" />
                </unlockItems>
            </item>
            <item id="ClnGlmrBts" label="#ClnGlmrBtsLabel" categoryId="boots" minClanLevel="2" clanCoin="10">
                <unlockItems>
                    <unlockItem id="boyBtsClnGlmr" />
                    <unlockItem id="girlBtsClnGlmr" />
                </unlockItems>
            </item>
            <item id="ClnMgcBts" label="#ClnMgcBtsLabel" categoryId="boots" minClanLevel="1" clanCoin="456">
                <unlockItems>
                    <unlockItem id="boyBtsClnMgc" />
                    <unlockItem id="girlBtsClnMgc" />
                </unlockItems>
            </item>
            <item id="ClnPstpcBts" label="#ClnPstpcBtsLabel" categoryId="boots" minClanLevel="1" clanCoin="123">
                <unlockItems>
                    <unlockItem id="boyBtsClnPstpc" />
                    <unlockItem id="girlBtsClnPstpc" />
                </unlockItems>
            </item>
        </category>

        <category id="decor" label="#clothesCategoryAcs" priority="4">
            <item id="SCiFIGlss" label="#SCiFIGlssLabel" categoryId="decor" minClanLevel="2" clanCoin="10">
                <unlockItems>
                    <unlockItem id="boyGlssClnSciFi" />
                    <unlockItem id="girlGlssClnSciFi" />
                </unlockItems>
            </item>

            <item id="SCiFIAcs" label="#SCiFIAcsLabel" categoryId="decor" minClanLevel="2" clanCoin="10">
                <unlockItems>
                    <unlockItem id="boyAcsClnSciFi" />
                    <unlockItem id="girlAcsClnSciFi" />
                </unlockItems>
            </item>
            <item id="ClnGlmrDcr" label="#ClnGlmrDcrLabel" categoryId="decor" minClanLevel="1" clanCoin="10">
                <unlockItems>
                    <unlockItem id="boyErrClnGlmr" />
                    <unlockItem id="girlDcrClnGlmr" />
                </unlockItems>
            </item>
            <item id="ClnMgcGlss" label="#ClnMgcGlssLabel" categoryId="decor" minClanLevel="1" clanCoin="345">
                <unlockItems>
                    <unlockItem id="boyGlssClnMgc" />
                    <unlockItem id="girlGlssClnMgc" />
                </unlockItems>
            </item>

            <item id="ClnMgcAcs" label="#ClnMgcAcsLabel" categoryId="decor" minClanLevel="1" clanCoin="234">
                <unlockItems>
                    <unlockItem id="boyAcsClnMgc" />
                    <unlockItem id="girlAcsClnMgc" />
                </unlockItems>
            </item>

            <item id="ClnMgcScrf" label="#ClnMgcScrfLabel" categoryId="decor" minClanLevel="1" clanCoin="123">
                <unlockItems>
                    <unlockItem id="boySckrfClnMgc" />
                    <unlockItem id="girlScrfClnMgc" />
                </unlockItems>
            </item>
            <item id="ClnPstpcGtss" label="#ClnPstpcGtssLabel" categoryId="decor" minClanLevel="1" clanCoin="123">
                <unlockItems>
                    <unlockItem id="boyGlssClnPstpc" />
                    <unlockItem id="girlGlssClnPstpc" />
                </unlockItems>
            </item>

            <item id="ClnPstpcBat" label="#ClnPstpcGtssLabel" categoryId="decor" minClanLevel="1" clanCoin="123">
                <unlockItems>
                    <unlockItem id="boyBatClnPstpc" />
                    <unlockItem id="girlBatClnPstpc" />
                </unlockItems>
            </item>

            <item id="ClnPstpcMsk" label="#ClnPstpcMskLabel" categoryId="decor" minClanLevel="1" clanCoin="123">
                <unlockItems>
                    <unlockItem id="boyMskClnPstpc" />
                    <unlockItem id="girlScrfClnPstpc" />
                </unlockItems>
            </item>
        </category>
    </category>

    <category id="appearanceRecipe" label="#avatarApearance" priority="3" typeClass="clanRecipe">

    </category>
</config>