<?xml version="1.0" encoding="UTF-8"?>
<config id="recipe">
    <category id="clothesRecipe" label="#avatarClothesCategory" priority="1" typeClass="clanRecipe">
        <!--
        <item id="sampleRecipe" label="#sampleRecipeLabel" minClanLevel="1" clanCoin="10">
            <unlockItems>
                <unlockItem id="boyTShrtClnSciFi" />
                <unlockItem id="girlTShrtClanSciFi"/>
            </unlockItems>
        </item>
        -->
    </category>

    <category id="appearanceRecipe" label="#avatarApearance" priority="3" typeClass="clanRecipe">

    </category>
</config>